Field,ID,Type (Type),default,ja-jp
Description,2,Text,,"究極のマルチスレッド デスクトップ アシスタント、KoBar をご紹介します。シームレスなワークフローを重視するプロフェッショナル、クリエイター、パワー ユーザー向けに設計された KoBar は、必要になるまで画面上に静かに佇む、高度にカスタマイズ可能なモジュール式のユーティリティ サイドバーです。

洗練された 1 つのインターフェースに、驚異的な生産性ツールが詰め込まれています。OS レベルの AI チャット コンパニオン、頻繁に使用するテキストやコードを保存する Snippet Vault、インスタント カラー ピッカーでワークフローを強化しましょう。一時ファイルを KoBox ドロップ ゾーンに投げ込んで作業スペースを簡単に整理したり、「トップにピン留め」機能を使用して重要なウィンドウを他のウィンドウの上に固定したりできます。

強力なシーケンシャル クリップボード、クイック アプリ ランチャー、フォーカス タイマー、フローティング計算機、スマート スクリーンショット ツールなどの基本機能に加え、KoBar は必要なものすべてをワンクリックで利用できるようにします。コーディング、デザイン、日常業務の管理など、いかなる場面でも KoBar は画面を乱雑にすることなく集中力を高めます。透明なガラス テーマから完全にモジュール化されたレイアウトまで、豊富なカスタマイズ オプションであなただけの KoBar を作り上げてください。"
ReleaseNotes,3,Text,,"生産性向上のための大規模アップデート！ワークフローを強力にサポートする新ツールと改善点をご紹介します。

🚀 新機能:
• 🤖 AI Hub: OS レベルの新しい AI コンパニオン！クラウド モデル (Claude) やローカル LLM と接続して、サイドバーから直接チャット、ドキュメント分析、画像処理が可能です。
• 📝 Snippet Vault: よく使うテキスト、コード ブロック、メール テンプレートを保存、整理し、瞬時にコピーできます。
• 🕳️ KoBox (ドロップ ゾーン): ファイルの一時的な「ブラックホール」。ドラッグ & ドロップで画面を瞬時に整理します。
• 📌 トップにピン留め (Pin to Top): ワンクリックで重要なアプリケーション ウィンドウを他のすべてのウィンドウの上に固定できます。
• 🎨 カラー ピッカー (Color Picker): 画面上のあらゆる色を瞬時に取得、保存、コピー。デザイナーやデベロッパーの必須ツールです。

✨ 改善と修正:
• 🎨 新しいデザイン: より洗練されたモダンな雰囲気にするため、KoBar のロゴを更新しました。
• 🛠️ バグ修正: システム起動時に KoBar が自動的に開始されない問題を解決しました。"
Title,4,Text,,KoBar
ShortTitle,5,Text,,KoBar
SortTitle,6,Text,,
VoiceTitle,7,Text,,KoBar
ShortDescription,8,Text,,"KoBar で生産性を向上：AI Hub、Snippet Vault、KoBox ドロップ ゾーン、カラー ピッカー、トップ固定機能を備えた高度にカスタマイズ可能なデスクトップ サイドバーです。シーケンシャル クリップボードやフォーカス タイマーなどの必須ツールも搭載されています。"
DevStudio,9,Text,,Ekrem Edalı
CopyrightTrademarkInformation,12,Text,,© 2026 Ekrem Edalı. All rights reserved.
AdditionalLicenseTerms,13,Text,,
DesktopScreenshot1,100,Relative path (or URL to file in Partner Center),,https://developer.microsoft.com/en-us/dashboard/apps/9P2KPFF3G9L9/submissions/1152921505700711034/listings/1152922700024254503/listingassets/3017249753782962971
DesktopScreenshot2,101,Relative path (or URL to file in Partner Center),,https://developer.microsoft.com/en-us/dashboard/apps/9P2KPFF3G9L9/submissions/1152921505700711034/listings/1152922700024254503/listingassets/3014286821659038873
DesktopScreenshot3,102,Relative path (or URL to file in Partner Center),,https://developer.microsoft.com/en-us/dashboard/apps/9P2KPFF3G9L9/submissions/1152921505700711034/listings/1152922700024254503/listingassets/3067074447726433716
DesktopScreenshot4,103,Relative path (or URL to file in Partner Center),,https://developer.microsoft.com/en-us/dashboard/apps/9P2KPFF3G9L9/submissions/1152921505700711034/listings/1152922700024254503/listingassets/3024568328933218674
DesktopScreenshot5,104,Relative path (or URL to file in Partner Center),,https://developer.microsoft.com/en-us/dashboard/apps/9P2KPFF3G9L9/submissions/1152921505700711034/listings/1152922700024254503/listingassets/3012718280261439762
DesktopScreenshot6,105,Relative path (or URL to file in Partner Center),,https://developer.microsoft.com/en-us/dashboard/apps/9P2KPFF3G9L9/submissions/1152921505700711034/listings/1152922700024254503/listingassets/3055477104237918362
DesktopScreenshot7,106,Relative path (or URL to file in Partner Center),,https://developer.microsoft.com/en-us/dashboard/apps/9P2KPFF3G9L9/submissions/1152921505700711034/listings/1152922700024254503/listingassets/3062048357813385935
DesktopScreenshot8,107,Relative path (or URL to file in Partner Center),,
DesktopScreenshot9,108,Relative path (or URL to file in Partner Center),,
DesktopScreenshot10,109,Relative path (or URL to file in Partner Center),,
DesktopScreenshot11,110,Relative path (or URL to file in Partner Center),,
DesktopScreenshot12,111,Relative path (or URL to file in Partner Center),,
DesktopScreenshot13,112,Relative path (or URL to file in Partner Center),,
DesktopScreenshot14,113,Relative path (or URL to file in Partner Center),,
DesktopScreenshot15,114,Relative path (or URL to file in Partner Center),,
DesktopScreenshot16,115,Relative path (or URL to file in Partner Center),,
DesktopScreenshot17,116,Relative path (or URL to file in Partner Center),,
DesktopScreenshot18,117,Relative path (or URL to file in Partner Center),,
DesktopScreenshot19,118,Relative path (or URL to file in Partner Center),,
DesktopScreenshot20,119,Relative path (or URL to file in Partner Center),,
DesktopScreenshot21,120,Relative path (or URL to file in Partner Center),,
DesktopScreenshot22,121,Relative path (or URL to file in Partner Center),,
DesktopScreenshot23,122,Relative path (or URL to file in Partner Center),,
DesktopScreenshot24,123,Relative path (or URL to file in Partner Center),,
DesktopScreenshot25,124,Relative path (or URL to file in Partner Center),,
DesktopScreenshot26,125,Relative path (or URL to file in Partner Center),,
DesktopScreenshot27,126,Relative path (or URL to file in Partner Center),,
DesktopScreenshot28,127,Relative path (or URL to file in Partner Center),,
DesktopScreenshot29,128,Relative path (or URL to file in Partner Center),,
DesktopScreenshot30,129,Relative path (or URL to file in Partner Center),,
DesktopScreenshotCaption1,150,Text,,KoBar メモ
DesktopScreenshotCaption2,151,Text,,KoBar AI チャット
DesktopScreenshotCaption3,152,Text,,KoBar カラー ピッカー
DesktopScreenshotCaption4,153,Text,,KoBar KoBox
DesktopScreenshotCaption5,154,Text,,KoBar To-Do リスト
DesktopScreenshotCaption6,155,Text,,KoBar
DesktopScreenshotCaption7,156,Text,,Snippet Vault
DesktopScreenshotCaption8,157,Text,,
DesktopScreenshotCaption9,158,Text,,
DesktopScreenshotCaption10,159,Text,,
DesktopScreenshotCaption11,160,Text,,
DesktopScreenshotCaption12,161,Text,,
DesktopScreenshotCaption13,162,Text,,
DesktopScreenshotCaption14,163,Text,,
DesktopScreenshotCaption15,164,Text,,
DesktopScreenshotCaption16,165,Text,,
DesktopScreenshotCaption17,166,Text,,
DesktopScreenshotCaption18,167,Text,,
DesktopScreenshotCaption19,168,Text,,
DesktopScreenshotCaption20,169,Text,,
DesktopScreenshotCaption21,170,Text,,
DesktopScreenshotCaption22,171,Text,,
DesktopScreenshotCaption23,172,Text,,
DesktopScreenshotCaption24,173,Text,,
DesktopScreenshotCaption25,174,Text,,
DesktopScreenshotCaption26,175,Text,,
DesktopScreenshotCaption27,176,Text,,
DesktopScreenshotCaption28,177,Text,,
DesktopScreenshotCaption29,178,Text,,
DesktopScreenshotCaption30,179,Text,,
MobileScreenshot1,200,Relative path (or URL to file in Partner Center),,
MobileScreenshot2,201,Relative path (or URL to file in Partner Center),,
MobileScreenshot3,202,Relative path (or URL to file in Partner Center),,
MobileScreenshot4,203,Relative path (or URL to file in Partner Center),,
MobileScreenshot5,204,Relative path (or URL to file in Partner Center),,
MobileScreenshot6,205,Relative path (or URL to file in Partner Center),,
MobileScreenshot7,206,Relative path (or URL to file in Partner Center),,
MobileScreenshot8,207,Relative path (or URL to file in Partner Center),,
MobileScreenshot9,208,Relative path (or URL to file in Partner Center),,
MobileScreenshot10,209,Relative path (or URL to file in Partner Center),,
MobileScreenshot11,210,Relative path (or URL to file in Partner Center),,
MobileScreenshot12,211,Relative path (or URL to file in Partner Center),,
MobileScreenshot13,212,Relative path (or URL to file in Partner Center),,
MobileScreenshot14,213,Relative path (or URL to file in Partner Center),,
MobileScreenshot15,214,Relative path (or URL to file in Partner Center),,
MobileScreenshot16,215,Relative path (or URL to file in Partner Center),,
MobileScreenshot17,216,Relative path (or URL to file in Partner Center),,
MobileScreenshot18,217,Relative path (or URL to file in Partner Center),,
MobileScreenshot19,218,Relative path (or URL to file in Partner Center),,
MobileScreenshot20,219,Relative path (or URL to file in Partner Center),,
MobileScreenshot21,220,Relative path (or URL to file in Partner Center),,
MobileScreenshot22,221,Relative path (or URL to file in Partner Center),,
MobileScreenshot23,222,Relative path (or URL to file in Partner Center),,
MobileScreenshot24,223,Relative path (or URL to file in Partner Center),,
MobileScreenshot25,224,Relative path (or URL to file in Partner Center),,
MobileScreenshot26,225,Relative path (or URL to file in Partner Center),,
MobileScreenshot27,226,Relative path (or URL to file in Partner Center),,
MobileScreenshot28,227,Relative path (or URL to file in Partner Center),,
MobileScreenshot29,228,Relative path (or URL to file in Partner Center),,
MobileScreenshot30,229,Relative path (or URL to file in Partner Center),,
MobileScreenshotCaption1,250,Text,,
MobileScreenshotCaption2,251,Text,,
MobileScreenshotCaption3,252,Text,,
MobileScreenshotCaption4,253,Text,,
MobileScreenshotCaption5,254,Text,,
MobileScreenshotCaption6,255,Text,,
MobileScreenshotCaption7,256,Text,,
MobileScreenshotCaption8,257,Text,,
MobileScreenshotCaption9,258,Text,,
MobileScreenshotCaption10,259,Text,,
MobileScreenshotCaption11,260,Text,,
MobileScreenshotCaption12,261,Text,,
MobileScreenshotCaption13,262,Text,,
MobileScreenshotCaption14,263,Text,,
MobileScreenshotCaption15,264,Text,,
MobileScreenshotCaption16,265,Text,,
MobileScreenshotCaption17,266,Text,,
MobileScreenshotCaption18,267,Text,,
MobileScreenshotCaption19,268,Text,,
MobileScreenshotCaption20,269,Text,,
MobileScreenshotCaption21,270,Text,,
MobileScreenshotCaption22,271,Text,,
MobileScreenshotCaption23,272,Text,,
MobileScreenshotCaption24,273,Text,,
MobileScreenshotCaption25,274,Text,,
MobileScreenshotCaption26,275,Text,,
MobileScreenshotCaption27,276,Text,,
MobileScreenshotCaption28,277,Text,,
MobileScreenshotCaption29,278,Text,,
MobileScreenshotCaption30,279,Text,,
XboxScreenshot1,300,Relative path (or URL to file in Partner Center),,
XboxScreenshot2,301,Relative path (or URL to file in Partner Center),,
XboxScreenshot3,302,Relative path (or URL to file in Partner Center),,
XboxScreenshot4,303,Relative path (or URL to file in Partner Center),,
XboxScreenshot5,304,Relative path (or URL to file in Partner Center),,
XboxScreenshot6,305,Relative path (or URL to file in Partner Center),,
XboxScreenshot7,306,Relative path (or URL to file in Partner Center),,
XboxScreenshot8,307,Relative path (or URL to file in Partner Center),,
XboxScreenshot9,308,Relative path (or URL to file in Partner Center),,
XboxScreenshot10,309,Relative path (or URL to file in Partner Center),,
XboxScreenshot11,310,Relative path (or URL to file in Partner Center),,
XboxScreenshot12,311,Relative path (or URL to file in Partner Center),,
XboxScreenshot13,312,Relative path (or URL to file in Partner Center),,
XboxScreenshot14,313,Relative path (or URL to file in Partner Center),,
XboxScreenshot15,314,Relative path (or URL to file in Partner Center),,
XboxScreenshot16,315,Relative path (or URL to file in Partner Center),,
XboxScreenshot17,316,Relative path (or URL to file in Partner Center),,
XboxScreenshot18,317,Relative path (or URL to file in Partner Center),,
XboxScreenshot19,318,Relative path (or URL to file in Partner Center),,
XboxScreenshot20,319,Relative path (or URL to file in Partner Center),,
XboxScreenshot21,320,Relative path (or URL to file in Partner Center),,
XboxScreenshot22,321,Relative path (or URL to file in Partner Center),,
XboxScreenshot23,322,Relative path (or URL to file in Partner Center),,
XboxScreenshot24,323,Relative path (or URL to file in Partner Center),,
XboxScreenshot25,324,Relative path (or URL to file in Partner Center),,
XboxScreenshot26,325,Relative path (or URL to file in Partner Center),,
XboxScreenshot27,326,Relative path (or URL to file in Partner Center),,
XboxScreenshot28,327,Relative path (or URL to file in Partner Center),,
XboxScreenshot29,328,Relative path (or URL to file in Partner Center),,
XboxScreenshot30,329,Relative path (or URL to file in Partner Center),,
XboxScreenshotCaption1,350,Text,,
XboxScreenshotCaption2,351,Text,,
XboxScreenshotCaption3,352,Text,,
XboxScreenshotCaption4,353,Text,,
XboxScreenshotCaption5,354,Text,,
XboxScreenshotCaption6,355,Text,,
XboxScreenshotCaption7,356,Text,,
XboxScreenshotCaption8,357,Text,,
XboxScreenshotCaption9,358,Text,,
XboxScreenshotCaption10,359,Text,,
XboxScreenshotCaption11,360,Text,,
XboxScreenshotCaption12,361,Text,,
XboxScreenshotCaption13,362,Text,,
XboxScreenshotCaption14,363,Text,,
XboxScreenshotCaption15,364,Text,,
XboxScreenshotCaption16,365,Text,,
XboxScreenshotCaption17,366,Text,,
XboxScreenshotCaption18,367,Text,,
XboxScreenshotCaption19,368,Text,,
XboxScreenshotCaption20,369,Text,,
XboxScreenshotCaption21,370,Text,,
XboxScreenshotCaption22,371,Text,,
XboxScreenshotCaption23,372,Text,,
XboxScreenshotCaption24,373,Text,,
XboxScreenshotCaption25,374,Text,,
XboxScreenshotCaption26,375,Text,,
XboxScreenshotCaption27,376,Text,,
XboxScreenshotCaption28,377,Text,,
XboxScreenshotCaption29,378,Text,,
XboxScreenshotCaption30,379,Text,,
HolographicScreenshot1,400,Relative path (or URL to file in Partner Center),,
HolographicScreenshot2,401,Relative path (or URL to file in Partner Center),,
HolographicScreenshot3,402,Relative path (or URL to file in Partner Center),,
HolographicScreenshot4,403,Relative path (or URL to file in Partner Center),,
HolographicScreenshot5,404,Relative path (or URL to file in Partner Center),,
HolographicScreenshot6,405,Relative path (or URL to file in Partner Center),,
HolographicScreenshot7,406,Relative path (or URL to file in Partner Center),,
HolographicScreenshot8,407,Relative path (or URL to file in Partner Center),,
HolographicScreenshot9,408,Relative path (or URL to file in Partner Center),,
HolographicScreenshot10,409,Relative path (or URL to file in Partner Center),,
HolographicScreenshot11,410,Relative path (or URL to file in Partner Center),,
HolographicScreenshot12,411,Relative path (or URL to file in Partner Center),,
HolographicScreenshot13,412,Relative path (or URL to file in Partner Center),,
HolographicScreenshot14,413,Relative path (or URL to file in Partner Center),,
HolographicScreenshot15,414,Relative path (or URL to file in Partner Center),,
HolographicScreenshot16,415,Relative path (or URL to file in Partner Center),,
HolographicScreenshot17,416,Relative path (or URL to file in Partner Center),,
HolographicScreenshot18,417,Relative path (or URL to file in Partner Center),,
HolographicScreenshot19,418,Relative path (or URL to file in Partner Center),,
HolographicScreenshot20,419,Relative path (or URL to file in Partner Center),,
HolographicScreenshot21,420,Relative path (or URL to file in Partner Center),,
HolographicScreenshot22,421,Relative path (or URL to file in Partner Center),,
HolographicScreenshot23,422,Relative path (or URL to file in Partner Center),,
HolographicScreenshot24,423,Relative path (or URL to file in Partner Center),,
HolographicScreenshot25,424,Relative path (or URL to file in Partner Center),,
HolographicScreenshot26,425,Relative path (or URL to file in Partner Center),,
HolographicScreenshot27,426,Relative path (or URL to file in Partner Center),,
HolographicScreenshot28,427,Relative path (or URL to file in Partner Center),,
HolographicScreenshot29,428,Relative path (or URL to file in Partner Center),,
HolographicScreenshot30,429,Relative path (or URL to file in Partner Center),,
HolographicScreenshotCaption1,450,Text,,
HolographicScreenshotCaption2,451,Text,,
HolographicScreenshotCaption3,452,Text,,
HolographicScreenshotCaption4,453,Text,,
HolographicScreenshotCaption5,454,Text,,
HolographicScreenshotCaption6,455,Text,,
HolographicScreenshotCaption7,456,Text,,
HolographicScreenshotCaption8,457,Text,,
HolographicScreenshotCaption9,458,Text,,
HolographicScreenshotCaption10,459,Text,,
HolographicScreenshotCaption11,460,Text,,
HolographicScreenshotCaption12,461,Text,,
HolographicScreenshotCaption13,462,Text,,
HolographicScreenshotCaption14,463,Text,,
HolographicScreenshotCaption15,464,Text,,
HolographicScreenshotCaption16,465,Text,,
HolographicScreenshotCaption17,466,Text,,
HolographicScreenshotCaption18,467,Text,,
HolographicScreenshotCaption19,468,Text,,
HolographicScreenshotCaption20,469,Text,,
HolographicScreenshotCaption21,470,Text,,
HolographicScreenshotCaption22,471,Text,,
HolographicScreenshotCaption23,472,Text,,
HolographicScreenshotCaption24,473,Text,,
HolographicScreenshotCaption25,474,Text,,
HolographicScreenshotCaption26,475,Text,,
HolographicScreenshotCaption27,476,Text,,
HolographicScreenshotCaption28,477,Text,,
HolographicScreenshotCaption29,478,Text,,
HolographicScreenshotCaption30,479,Text,,
SurfaceHubScreenshot11,510,Relative path (or URL to file in Partner Center),,
SurfaceHubScreenshot12,511,Relative path (or URL to file in Partner Center),,
SurfaceHubScreenshot13,512,Relative path (or URL to file in Partner Center),,
SurfaceHubScreenshot14,513,Relative path (or URL to file in Partner Center),,
SurfaceHubScreenshot15,514,Relative path (or URL to file in Partner Center),,
SurfaceHubScreenshot16,515,Relative path (or URL to file in Partner Center),,
SurfaceHubScreenshot17,516,Relative path (or URL to file in Partner Center),,
SurfaceHubScreenshot18,517,Relative path (or URL to file in Partner Center),,
SurfaceHubScreenshot19,518,Relative path (or URL to file in Partner Center),,
SurfaceHubScreenshot20,519,Relative path (or URL to file in Partner Center),,
SurfaceHubScreenshot21,520,Relative path (or URL to file in Partner Center),,
SurfaceHubScreenshot22,521,Relative path (or URL to file in Partner Center),,
SurfaceHubScreenshot23,522,Relative path (or URL to file in Partner Center),,
SurfaceHubScreenshot24,523,Relative path (or URL to file in Partner Center),,
SurfaceHubScreenshot25,524,Relative path (or URL to file in Partner Center),,
SurfaceHubScreenshot26,525,Relative path (or URL to file in Partner Center),,
SurfaceHubScreenshot27,526,Relative path (or URL to file in Partner Center),,
SurfaceHubScreenshot28,527,Relative path (or URL to file in Partner Center),,
SurfaceHubScreenshot29,528,Relative path (or URL to file in Partner Center),,
SurfaceHubScreenshot30,529,Relative path (or URL to file in Partner Center),,
SurfaceHubScreenshotCaption11,560,Text,,
SurfaceHubScreenshotCaption12,561,Text,,
SurfaceHubScreenshotCaption13,562,Text,,
SurfaceHubScreenshotCaption14,563,Text,,
SurfaceHubScreenshotCaption15,564,Text,,
SurfaceHubScreenshotCaption16,565,Text,,
SurfaceHubScreenshotCaption17,566,Text,,
SurfaceHubScreenshotCaption18,567,Text,,
SurfaceHubScreenshotCaption19,568,Text,,
SurfaceHubScreenshotCaption20,569,Text,,
SurfaceHubScreenshotCaption21,570,Text,,
SurfaceHubScreenshotCaption22,571,Text,,
SurfaceHubScreenshotCaption23,572,Text,,
SurfaceHubScreenshotCaption24,573,Text,,
SurfaceHubScreenshotCaption25,574,Text,,
SurfaceHubScreenshotCaption26,575,Text,,
SurfaceHubScreenshotCaption27,576,Text,,
SurfaceHubScreenshotCaption28,577,Text,,
SurfaceHubScreenshotCaption29,578,Text,,
SurfaceHubScreenshotCaption30,579,Text,,
StoreLogo720x1080,600,Relative path (or URL to file in Partner Center),,https://developer.microsoft.com/en-us/dashboard/apps/9P2KPFF3G9L9/submissions/1152921505700711034/listings/1152922700024254503/listingassets/3046104524511659806
StoreLogo1080x1080,601,Relative path (or URL to file in Partner Center),,https://developer.microsoft.com/en-us/dashboard/apps/9P2KPFF3G9L9/submissions/1152921505700711034/listings/1152922700024254503/listingassets/3033564646883307451
StoreLogo300x300,602,Relative path (or URL to file in Partner Center),,https://developer.microsoft.com/en-us/dashboard/apps/9P2KPFF3G9L9/submissions/1152921505700711034/listings/1152922700024254503/listingassets/3040215166271749825
OverrideLogosForWin10,603,True/False,,False
StoreLogoOverride150x150,604,Relative path (or URL to file in Partner Center),,https://developer.microsoft.com/en-us/dashboard/apps/9P2KPFF3G9L9/submissions/1152921505700711034/listings/1152922700024254503/listingassets/3059323575818720763
StoreLogoOverride71x71,605,Relative path (or URL to file in Partner Center),,https://developer.microsoft.com/en-us/dashboard/apps/9P2KPFF3G9L9/submissions/1152921505700711034/listings/1152922700024254503/listingassets/3025755825634070154
PromoImage1920x1080,606,Relative path (or URL to file in Partner Center),,https://developer.microsoft.com/en-us/dashboard/apps/9P2KPFF3G9L9/submissions/1152921505700711034/listings/1152922700024254503/listingassets/3018553121525877534
PromoImage2400x1200,607,Relative path (or URL to file in Partner Center),,
XboxBrandedKeyArt584x800,608,Relative path (or URL to file in Partner Center),,
XboxTitledHero1920x1080,609,Relative path (or URL to file in Partner Center),,
XboxFeaturedPromo1080x1080,610,Relative path (or URL to file in Partner Center),,
OptionalPromo358x358,611,Relative path (or URL to file in Partner Center),,
OptionalPromo1000x800,612,Relative path (or URL to file in Partner Center),,
OptionalPromo414x180,613,Relative path (or URL to file in Partner Center),,
Feature1,700,Text,,"AI Hub (AI チャット): OS レベルの AI アシスタント。トップクラスのクラウド モデル (Claude) やローカル LLM とチャットしたり、ドキュメントを分析したり、画像をサイドバーから直接処理したりできます。"
Feature2,701,Text,,シーケンシャル クリップボード: 複数のアイテムを専用のスロットにコピーし、ワークフローを中断することなく順番に貼り付けることができます。
Feature3,702,Text,,"クイック ショートカット: お気に入りのアプリ、フォルダー、ゲームをサイドバーに直接ドラッグ & ドロップして、瞬時にアクセスできます。"
Feature4,703,Text,,トップにピン留め: 最も重要な作業を見失うことはありません。ワンクリックで重要なアプリケーション ウィンドウを他のすべてのウィンドウの上に固定できます。
Feature5,704,Text,,"カラー ピッカー: 画面上のあらゆる色を瞬時に取得、コピー、保存。カスタム パレットを作成して、デザインや開発のワークフローを効率化しましょう。"
Feature6,705,Text,,"KoBox (ドロップ ゾーン): 一時的なデジタル「ブラックホール」。ファイルをここにドラッグ & ドロップして作業スペースを瞬時に整理。自動クリーンアップ オプションも備えています。"
Feature7,706,Text,,"Snippet Vault: 頻繁に使用するテキスト、コード ブロック、テンプレートのための個人用ライブラリ。一度保存すれば、必要なときにいつでも瞬時にコピーできます。"
Feature8,707,Text,,自由なレイアウト コントロール: 設定で機能をドラッグ & ドロップして並べ替え。カスタム レイアウトはサイドバーに即座に反映されます。
Feature9,708,Text,,折りたたみ可能な UI: 最大限の画面スペースが必要なときは、「目」のアイコンをクリックしてバーを瞬時に縮小できます。
Feature10,709,Text,,"ガラス & ソリッドな美学: クラシックな「ソリッド」な外観か、モダンで透明な「ガラス」テーマを選択可能。ぼかしやガラスの透明度をデスクトップに合わせて微調整できます。"
Feature11,710,Text,,フォーカス モード: 中断のないディープ ワーク セッション中に集中力を維持するための内蔵タイマー。"
Feature12,711,Text,,"モリモジュール式インターフェース: 個々の機能をオンまたはオフに切り替え。使用しないツールを非表示にして、コンパクトで邪魔にならないサイドバーを作成できます。"
Feature13,712,Text,,"スマート自動非表示スクリーンショット: ワンクリックで画面をキャプチャ。キャプチャ中は KoBar が自動的に隠れてクリーンな画像を撮影し、その後瞬時に再表示されます。"
Feature14,713,Text,,フローティング計算機: すべての開いているウィンドウの上に表示され、画面上のどこにでも自由に移動できるクイック アクセス計算機。"
Feature15,714,Text,,
Feature16,715,Text,,
Feature17,716,Text,,
Feature18,717,Text,,
Feature19,718,Text,,
Feature20,719,Text,,
SearchTerm1,900,Text,,サイドバー
SearchTerm2,901,Text,,タイマー
SearchTerm3,902,Text,,集中
SearchTerm4,903,Text,,スクリーンショット
SearchTerm5,904,Text,,メモ
SearchTerm6,905,Text,,ウィジェット
SearchTerm7,906,Text,,AI
TrailerToPlayAtTopOfListing,999,Relative path (or URL to file in Partner Center),,
Trailer1,1000,Relative path (or URL to file in Partner Center),,https://developer.microsoft.com/en-us/dashboard/apps/9P2KPFF3G9L9/submissions/1152921505700711034/trailers/3066134058265495004
Trailer2,1001,Relative path (or URL to file in Partner Center),,https://developer.microsoft.com/en-us/dashboard/apps/9P2KPFF3G9L9/submissions/1152921505700711034/trailers/3060865680013301477
Trailer3,1002,Relative path (or URL to file in Partner Center),,https://developer.microsoft.com/en-us/dashboard/apps/9P2KPFF3G9L9/submissions/1152921505700711034/trailers/3043079145698592428
Trailer4,1003,Relative path (or URL to file in Partner Center),,
Trailer5,1004,Relative path (or URL to file in Partner Center),,
Trailer6,1005,Relative path (or URL to file in Partner Center),,
Trailer7,1006,Relative path (or URL to file in Partner Center),,
Trailer8,1007,Relative path (or URL to file in Partner Center),,
Trailer9,1008,Relative path (or URL to file in Partner Center),,
Trailer10,1009,Relative path (or URL to file in Partner Center),,
Trailer11,1010,Relative path (or URL to file in Partner Center),,
Trailer12,1011,Relative path (or URL to file in Partner Center),,
Trailer13,1012,Relative path (or URL to file in Partner Center),,
Trailer14,1013,Relative path (or URL to file in Partner Center),,
Trailer15,1014,Relative path (or URL to file in Partner Center),,
TrailerTitle1,1020,Text,,KoBar ツール
TrailerTitle2,1021,Text,,KoBar カラー
TrailerTitle3,1022,Text,,KoBar
TrailerTitle4,1023,Text,,
TrailerTitle5,1024,Text,,
TrailerTitle6,1025,Text,,
TrailerTitle7,1026,Text,,
TrailerTitle8,1027,Text,,
TrailerTitle9,1028,Text,,
TrailerTitle10,1029,Text,,
TrailerTitle11,1030,Text,,
TrailerTitle12,1031,Text,,
TrailerTitle13,1032,Text,,
TrailerTitle14,1033,Text,,
TrailerTitle15,1034,Text,,
TrailerThumbnail1,1040,Relative path (or URL to file in Partner Center),,https://developer.microsoft.com/en-us/dashboard/apps/9P2KPFF3G9L9/submissions/1152921505700711034/trailers/1152922700024382792/assets/3040519435945627316
TrailerThumbnail2,1041,Relative path (or URL to file in Partner Center),,https://developer.microsoft.com/en-us/dashboard/apps/9P2KPFF3G9L9/submissions/1152921505700711034/trailers/1152922700024382793/assets/3050375015987621510
TrailerThumbnail3,1042,Relative path (or URL to file in Partner Center),,https://developer.microsoft.com/en-us/dashboard/apps/9P2KPFF3G9L9/submissions/1152921505700711034/trailers/1152922700024382972/assets/3047231204804777143
TrailerThumbnail4,1043,Relative path (or URL to file in Partner Center),,
TrailerThumbnail5,1044,Relative path (or URL to file in Partner Center),,
TrailerThumbnail6,1045,Relative path (or URL to file in Partner Center),,
TrailerThumbnail7,1046,Relative path (or URL to file in Partner Center),,
TrailerThumbnail8,1047,Relative path (or URL to file in Partner Center),,
TrailerThumbnail9,1048,Relative path (or URL to file in Partner Center),,
TrailerThumbnail10,1049,Relative path (or URL to file in Partner Center),,
TrailerThumbnail11,1050,Relative path (or URL to file in Partner Center),,
TrailerThumbnail12,1051,Relative path (or URL to file in Partner Center),,
TrailerThumbnail13,1052,Relative path (or URL to file in Partner Center),,
TrailerThumbnail14,1053,Relative path (or URL to file in Partner Center),,
TrailerThumbnail15,1054,Relative path (or URL to file in Partner Center),,
TrailerClosedCaption1,1055,Relative path (or URL to file in Partner Center),,
TrailerClosedCaption2,1056,Relative path (or URL to file in Partner Center),,
TrailerClosedCaption3,1057,Relative path (or URL to file in Partner Center),,
TrailerClosedCaption4,1058,Relative path (or URL to file in Partner Center),,
TrailerClosedCaption5,1059,Relative path (or URL to file in Partner Center),,
TrailerClosedCaption6,1060,Relative path (or URL to file in Partner Center),,
TrailerClosedCaption7,1061,Relative path (or URL to file in Partner Center),,
TrailerClosedCaption8,1062,Relative path (or URL to file in Partner Center),,
TrailerClosedCaption9,1063,Relative path (or URL to file in Partner Center),,
TrailerClosedCaption10,1064,Relative path (or URL to file in Partner Center),,
TrailerClosedCaption11,1065,Relative path (or URL to file in Partner Center),,
TrailerClosedCaption12,1066,Relative path (or URL to file in Partner Center),,
TrailerClosedCaption13,1067,Relative path (or URL to file in Partner Center),,
TrailerClosedCaption14,1068,Relative path (or URL to file in Partner Center),,
TrailerClosedCaption15,1069,Relative path (or URL to file in Partner Center),,
TrailerAudioDescription1,1070,Relative path (or URL to file in Partner Center),,
TrailerAudioDescription2,1071,Relative path (or URL to file in Partner Center),,
TrailerAudioDescription3,1072,Relative path (or URL to file in Partner Center),,
TrailerAudioDescription4,1073,Relative path (or URL to file in Partner Center),,
TrailerAudioDescription5,1074,Relative path (or URL to file in Partner Center),,
TrailerAudioDescription6,1075,Relative path (or URL to file in Partner Center),,
TrailerAudioDescription7,1076,Relative path (or URL to file in Partner Center),,
TrailerAudioDescription8,1077,Relative path (or URL to file in Partner Center),,
TrailerAudioDescription9,1078,Relative path (or URL to file in Partner Center),,
TrailerAudioDescription10,1079,Relative path (or URL to file in Partner Center),,
TrailerAudioDescription11,1080,Relative path (or URL to file in Partner Center),,
TrailerAudioDescription12,1081,Relative path (or URL to file in Partner Center),,
TrailerAudioDescription13,1082,Relative path (or URL to file in Partner Center),,
TrailerAudioDescription14,1083,Relative path (or URL to file in Partner Center),,
TrailerAudioDescription15,1084,Relative path (or URL to file in Partner Center),,
446: ,,,,
447: ,,,,
448: ,,,,
449: ,,,,
450: ,,,,
451: ,,,,
452: ,,,,
453: ,,,,
454: ,,,,
455: ,,,,
456: ,,,,
457: ,,,,
458: ,,,,
459: ,,,,
460: ,,,,
461: ,,,,
462: ,,,,
463: ,,,,
464: ,,,,
465: ,,,,
466: ,,,,
467: ,,,,
468: ,,,,
469: ,,,,
